chain_key,total_pois,sample_raw_names,proposed_canonical_brand_id,proposed_display_name_en,proposed_display_name_ar,confidence,notes
دوار السعادة,76,دوار السعادة,,,,medium,"high count, manual classification needed"
مزاج مغربي,56,مزاج مغربي,,,,medium,"high count, manual classification needed"
ماكدونالدز السعودية,45,ماكدونالدز السعودية,mcdonalds,McDonald's,ماكدونالدز,high,
بوفية,44,بوفية,,,,medium,"high count, manual classification needed"
سينابون,39,سينابون,cinnabon,Cinnabon,سينابون,high,
ماك كافيه,39,ماك كافيه,,,,low,matches non-chain pattern 'كافيه'
حلويات المملكة,39,حلويات المملكة,,,,low,matches non-chain pattern 'حلويات'
تيم هورتنز,37,تيم هورتنز,tim_hortons,Tim Hortons,تيم هورتنز,high,
برغرايززر,37,برغرايززر,,,,medium,"high count, manual classification needed"
فلافل ثمار,32,فلافل ثمار,,,,medium,"high count, manual classification needed"
مخبز,32,مخبز,,,,low,matches non-chain pattern 'مخبز'
مايسترو بيتزا,32,مايسترو بيتزا,maestro_pizza,Maestro Pizza,مايسترو بيتزا,high,
بينزاتا افضل من البيتزا,31,بينزاتا - أفضل من البيتزا,,,,medium,"high count, manual classification needed"
برجر كنج,31,برجر كنج,burger_king,Burger King,برجر كنج,high,
حلويات جرير,31,حلويات جرير,,,,low,matches non-chain pattern 'حلويات'
فطيرة الفلافل,31,فطيرة الفلافل,,,,medium,"high count, manual classification needed"
تيفو ساندويتش,30,تيفو ساندويتش,,,,medium,"high count, manual classification needed"
كريسبي كريم دونات دبلها,30,كريسبي كريم دونات 🔥 دبلها,,,,medium,"high count, manual classification needed"
ماد بيتزا,29,ماد بيتزا,,,,medium,"high count, manual classification needed"
خلية خالد,29,خلية خالد,,,,medium,"high count, manual classification needed"
عنوان القهوة بوتيك,29,عنوان القهوة بوتيك,coffee_address,Coffee Address,عنوان القهوة,high,
انوش,28,أنوش,,,,medium,"high count, manual classification needed"
جولدن براون,28,جولدن براون,,,,medium,"high count, manual classification needed"
امبراطور الشاورما,27,إمبراطور الشاورما || امبراطور الشاورما,,,,medium,"high count, manual classification needed"
وقت العصير,27,وقت العصير,,,,medium,"high count, manual classification needed"
riyadh,27,Riyadh,,,,medium,"high count, manual classification needed"
حلويات سعد الدين,25,حلويات سعد الدين,,,,low,matches non-chain pattern 'حلويات'
اقل سعرات حرارية,24,أقل سعرات حرارية || اقل سعرات حرارية,,,,medium,"high count, manual classification needed"
شاي وسمسم,24,شاي وسمسم,,,,medium,"high count, manual classification needed"
كول مود,24,كول مود,,,,medium,"high count, manual classification needed"
papa john s,24,Papa John's || Papa John’s,papa_johns,Papa John's,بابا جونز,high,
لويجي,24,لويجي,,,,medium,"high count, manual classification needed"
باستا ستيشن,23,باستا ستيشن,,,,medium,"high count, manual classification needed"
كازاباستا,23,كازاباستا,,,,medium,"high count, manual classification needed"
لورينزو بيتزا,23,لورينزو بيتزا,,,,medium,"high count, manual classification needed"
عالخفيف,23,عالخفيف,,,,medium,"high count, manual classification needed"
برجر مشوي,22,برجر مشوى || برجر مشوي,,,,medium,"high count, manual classification needed"
بيت الشواية,22,بيت الشواية,,,,medium,"high count, manual classification needed"
بيتزاهت,22,بيتزاهت,,,,medium,"high count, manual classification needed"
تسالي,22,تسالي,,,,medium,"high count, manual classification needed"
ستيك هاوس,21,ستيك هاوس,,,,medium,"high count, manual classification needed"
shawarma house,21,Shawarma House || Shawarma house,,,,medium,"high count, manual classification needed"
تيلر,21,تيلر,,,,medium,"high count, manual classification needed"
كانتون,20,كانتون,,,,medium,"high count, manual classification needed"
مشن ووك,20,مشن ووك,,,,medium,"high count, manual classification needed"
نودلز اسيا,20,نودلز آسيا,,,,medium,"high count, manual classification needed"
مطعم,20,مطعم,,,,low,matches non-chain pattern 'مطعم'
بقلاوة جوزيل,20,بقلاوة جوزيل,,,,medium,"high count, manual classification needed"
عنبة,20,عنبة,,,,medium,"high count, manual classification needed"
شركة طرد النحل بالرياض ازالة اعشاش النحل من الجدران والاسقف,20,شركة طرد النحل بالرياض | إزالة أعشاش النحل من الجدران والأسقف,,,,medium,"high count, manual classification needed"
نودل وي,20,نودل وي,,,,medium,"high count, manual classification needed"
تشاينيز تاون اكسبريس,20,تشاينيز تاون إكسبريس || تشاينيز تاون اكسبريس,,,,medium,"high count, manual classification needed"
الرومانسية,19,الرومانسية,al_romansiah,Al Romansiah,الرومانسية,high,
بروستد كي,19,بروستد كي,,,,medium,"high count, manual classification needed"
مطعم بخاري,19,مطعم بخاري,,,,low,matches non-chain pattern 'مطعم'
بوبايز,19,بوبايز,popeyes,Popeyes,بوبايز,high,
فورتوينز,18,فورتوينز,,,,medium,"high count, manual classification needed"
pakistani restaurant,18,Pakistani Restaurant || Pakistani restaurant,,,,low,matches non-chain pattern 'restaurant'
كون زون,18,كون زون,,,,medium,"high count, manual classification needed"
واك ذا ووك,18,واك ذا ووك,,,,medium,"high count, manual classification needed"
منؤشة,18,منؤشة || منؤشـة,,,,medium,"high count, manual classification needed"
حاشي باشا,18,حاشي باشا,,,,medium,"high count, manual classification needed"
شاورما كلاسك,18,شاورما كلاسك,,,,medium,"high count, manual classification needed"
مامولا,18,مامولا,,,,medium,"high count, manual classification needed"
فوال,18,فوال,,,,medium,"high count, manual classification needed"
ليتل سيزرز,18,ليتل سيزرز,,,,medium,"high count, manual classification needed"
شواية الخليج,17,شواية الخليج,,,,medium,"high count, manual classification needed"
سالدوتش,17,سالدوتش,,,,medium,"high count, manual classification needed"
مشويات المشوي العنابي,17,مشويات المشوى العنابي,,,,medium,"high count, manual classification needed"
شا,17,شا,,,,medium,"high count, manual classification needed"
الناضج,17,الناضج,,,,medium,"high count, manual classification needed"
بيت الشاورما,16,بيت الشاورما,,,,medium,"high count, manual classification needed"
ليتس بلاك,16,ليتس بلاك,,,,medium,"high count, manual classification needed"
الب,16,الب,,,,medium,"high count, manual classification needed"
تكا وي,16,تكا وي,,,,medium,"high count, manual classification needed"
steak house,16,Steak House,the_steak_house,The Steak House,ذا ستيك هاوس,high,
ليتس بيتزا علي الحطب,16,ليتس بيتزا على الحطب,,,,medium,"high count, manual classification needed"
شرار,16,شرار,,,,medium,"high count, manual classification needed"
ايفري داي كوفي,16,ايفري داي كوفي,,,,medium,"high count, manual classification needed"
اني و داني,16,آني و داني,,,,medium,"high count, manual classification needed"
حلويات سنابل السلام,16,حلويات سنابل السلام,,,,low,matches non-chain pattern 'حلويات'
شاهي ابو وليد,16,شاهي أبو وليد || شاهي ابو وليد,,,,medium,"high count, manual classification needed"
محومر,16,محومر,,,,medium,"high count, manual classification needed"
سمسم,16,سمسم,,,,medium,"high count, manual classification needed"
باستليتا,16,باستليتا,,,,medium,"high count, manual classification needed"
بوفيه,16,بوفيه,,,,medium,"high count, manual classification needed"
ارابيكا كافيه,16,أرابيكا كافيه || ارابيكا كافيه,,,,low,matches non-chain pattern 'كافيه'
ارتشي,16,أرتشي || ارتشي,,,,medium,"high count, manual classification needed"
بيتزا الساخنة,15,بيتزا الساخنة,,,,medium,"high count, manual classification needed"
سنشري برجر,15,سنشري برجر,,,,medium,"high count, manual classification needed"
روح الرياض,15,روح الرياض,,,,medium,"high count, manual classification needed"
ونديز,15,ونديز,,,,medium,"high count, manual classification needed"
شواية تربيعة,15,شواية تربيعة,,,,medium,"high count, manual classification needed"
سمرقندي,15,سمرقندي,,,,medium,"high count, manual classification needed"
ابو جبارة,15,أبو جبارة || ابو جبارة,,,,medium,"high count, manual classification needed"
خلية سمسم,15,خلية سمسم,,,,medium,"high count, manual classification needed"
فلافل دام,15,فلافل دام,,,,medium,"high count, manual classification needed"
برج الحمام,15,برج الحمام,,,,medium,"high count, manual classification needed"
قوشة,14,قوشة,,,,medium,"high count, manual classification needed"
لقيمات القرية,14,لقيمات القرية,,,,medium,"high count, manual classification needed"
ووك نيشن,14,ووك نيشن,,,,medium,"high count, manual classification needed"
هاريز بيتزا,14,هاريز بيتزا,,,,medium,"high count, manual classification needed"
وينج ستوب,14,وينج ستوب,,,,medium,"high count, manual classification needed"
ديلي كب,14,ديلى كب || ديلي كب,,,,medium,"high count, manual classification needed"
لايقر,14,لايقر,,,,medium,"high count, manual classification needed"
مذاق ورق عنب,14,مذاق ورق عنب,,,,medium,"high count, manual classification needed"
بيت الفطيرة الدمشقية,14,بيت الفطيرة الدمشقية,,,,medium,"high count, manual classification needed"
غلوريا جينز,14,غلوريا جينز,,,,medium,"high count, manual classification needed"
كرانشي تشكن,14,كرانشي تشكن,,,,medium,"high count, manual classification needed"
سيجنتشر,14,سيجنتشر,,,,medium,"high count, manual classification needed"
فيلوتشي,14,فيلوتشي,,,,medium,"high count, manual classification needed"
خفيف,14,خفيف,,,,medium,"high count, manual classification needed"
سورس,14,سورس,,,,medium,"high count, manual classification needed"
فت هاوس,13,فت هاوس,,,,medium,"high count, manual classification needed"
ناز,13,ناز,,,,medium,"high count, manual classification needed"
الرياض,13,الرياض,,,,medium,"high count, manual classification needed"
تيا,13,تيا,,,,medium,"high count, manual classification needed"
اوفر جار,13,أوفر جار,,,,medium,"high count, manual classification needed"
الحمراء البخاري,13,الحمراء البخاري,,,,medium,"high count, manual classification needed"
بيتزاراتي,13,بيتزاراتي,,,,medium,"high count, manual classification needed"
مارك برجر,13,مارك برجر,,,,medium,"high count, manual classification needed"
الليوان,13,الليوان,,,,medium,"high count, manual classification needed"
علبة,13,علبة,,,,medium,"high count, manual classification needed"
تاوة,13,تاوة,,,,medium,"high count, manual classification needed"
ياما ساما سوشي,13,ياما ساما سوشي,,,,medium,"high count, manual classification needed"
شباك بيروت,13,شباك بيروت,,,,medium,"high count, manual classification needed"
bangladeshi restaurant,13,Bangladeshi Restaurant || Bangladeshi Restaurant আমজাদ হোটেল || Bangladeshi Restaurant সানজিদা হোটেল || Bangladeshi restaurant || bangladeshi restaurant,,,,low,matches non-chain pattern 'restaurant'
كنافة كريمة,13,كنافة كريمة,,,,medium,"high count, manual classification needed"
شاورما ناهس,13,شاورما ناهس,,,,medium,"high count, manual classification needed"
جباتي وكرك,13,جباتي وكرك,,,,medium,"high count, manual classification needed"
ميل فوي بيكري,13,ميل فوي بيكري,,,,medium,"high count, manual classification needed"
دان كافيه,12,دان كافيه,,,,low,matches non-chain pattern 'كافيه'
خلية,12,خلية,,,,medium,"high count, manual classification needed"
خطوة جمل,12,خطوة جمل,,,,medium,"high count, manual classification needed"
لايرد,12,لايرد,,,,medium,"high count, manual classification needed"
دايم,12,دايم,,,,medium,"high count, manual classification needed"
شرمبشاك,12,شرمبشاك,,,,medium,"high count, manual classification needed"
دايت سنتر,12,دايت سنتر,,,,medium,"high count, manual classification needed"
شكن,12,شكن,,,,medium,"high count, manual classification needed"
فلك,12,فلك,,,,medium,"high count, manual classification needed"
يوو باستا,12,يوو باستا,,,,medium,"high count, manual classification needed"
هوبا برجر,12,هوبا برجر,,,,medium,"high count, manual classification needed"
قشطية,12,قشطية,,,,medium,"high count, manual classification needed"
الهاشمي كنافة و حلا,12,الهاشمي كنافة و حلا,,,,medium,"high count, manual classification needed"
تشنك,12,تشنك,,,,medium,"high count, manual classification needed"
تاو نودلز,12,تاو نودلز,,,,medium,"high count, manual classification needed"
شاورما البلد,12,شاورما البلد,,,,medium,"high count, manual classification needed"
ذا كوفي بين اند تي ليف,12,ذا كوفي بين آند تي ليف || ذا كوفي بين اند تي ليف,,,,medium,"high count, manual classification needed"
لمتنا غير,12,لمتنا غير,,,,medium,"high count, manual classification needed"
سي بيتزا,12,سي بيتزا,,,,medium,"high count, manual classification needed"
كنتكة,12,كنتكة,,,,medium,"high count, manual classification needed"
bukhari restaurant,12,Bukhari Restaurant || Bukhari restaurant,,,,low,matches non-chain pattern 'restaurant'
كنافة ابوالهوس,12,كنافة ابوالهوس,,,,medium,"high count, manual classification needed"
بن شرمب,12,بن شرمب,,,,medium,"high count, manual classification needed"
كويزنوز,12,كويزنوز,,,,medium,"high count, manual classification needed"
لقمة وردية,12,لقمة وردية,,,,medium,"high count, manual classification needed"
باتشي,12,باتشي,,,,medium,"high count, manual classification needed"
بريست,12,بريست,,,,medium,"high count, manual classification needed"
ماما بنز كافيه,12,ماما بنز كافيه,,,,low,matches non-chain pattern 'كافيه'
بستاني,12,بستاني,,,,medium,"high count, manual classification needed"
وايت بوتل,12,وايت بوتل,,,,medium,"high count, manual classification needed"
اصل البرجر,12,أصل البرجر,,,,medium,"high count, manual classification needed"
بوفية تسالي,12,بوفية تسالي || بوفية تسالي.,,,,medium,"high count, manual classification needed"
زان سويت,12,زان سويت,,,,medium,"high count, manual classification needed"
الشراع,12,الشراع,,,,medium,"high count, manual classification needed"
مولتن,11,مولتن,,,,medium,"high count, manual classification needed"
مقهي,11,مقهى || مقهي,,,,medium,"high count, manual classification needed"
arabica coffee,11,Arabica Coffee || Arabica coffee || Arabica coffee .,,,,medium,"high count, manual classification needed"
مونكي كوكيز,11,مونكي كوكيز,,,,medium,"high count, manual classification needed"
كيك مي اوت,11,كيك مي اوت,,,,medium,"high count, manual classification needed"
مقلوبة maqloba,11,مقلوبة ® | Maqloba,,,,medium,"high count, manual classification needed"
فلافل تايم,11,فلافل تايم,,,,medium,"high count, manual classification needed"
نوري سوشي,11,نوري سوشي,,,,medium,"high count, manual classification needed"
فويل برجر,11,فويل برجر,,,,medium,"high count, manual classification needed"
بيلاتا,11,بيلاتا,,,,medium,"high count, manual classification needed"
دجاج تكساس,11,دجاج تكساس,,,,medium,"high count, manual classification needed"
حكمت,11,حكمت,,,,medium,"high count, manual classification needed"
سلطان دي لايت برجر,11,سلطان دي لايت برجر,,,,medium,"high count, manual classification needed"
شوقر كوتد,11,شوقر كوتد,,,,medium,"high count, manual classification needed"
سيرو,11,سيرو,,,,medium,"high count, manual classification needed"
عصير تايم,11,عصير تايم,,,,medium,"high count, manual classification needed"
sbarro,11,Sbarro,,,,medium,"high count, manual classification needed"
لاروش,11,لاروش,,,,medium,"high count, manual classification needed"
سافوير,11,سافوير,,,,medium,"high count, manual classification needed"
كوتد,11,كوتد,,,,medium,"high count, manual classification needed"
جنيه,11,جنيه,,,,medium,"high count, manual classification needed"
كرش,11,كرش,,,,medium,"high count, manual classification needed"
maqloba مقلوبة,11,Maqloba | مقلوبة || Maqloba مقلوبة,,,,medium,"high count, manual classification needed"
فلات برجر,11,فلات برجر,,,,medium,"high count, manual classification needed"
شوكولاتة لوسورا,11,شوكولاتة لوسورا,,,,medium,"high count, manual classification needed"
سبارو,11,سبارو,,,,medium,"high count, manual classification needed"
قصر الهند,11,قصر الهند,,,,medium,"high count, manual classification needed"
شيز,11,شيز,,,,medium,"high count, manual classification needed"
قطوف و حلا,11,قطوف و حلا,,,,medium,"high count, manual classification needed"
المذاق المغربي,11,المذاق المغربي,,,,medium,"high count, manual classification needed"
كارميه شوكولا,11,كارميه شوكولا,,,,medium,"high count, manual classification needed"
مكرملة,10,مكرملة,,,,medium,"high count, manual classification needed"
حاشيكم,10,حاشيكم,,,,medium,"high count, manual classification needed"
تورتا اند مور,10,تورتا آند مور || تورتا اند مور,,,,medium,"high count, manual classification needed"
عصرية,10,عصرية,,,,medium,"high count, manual classification needed"
كوكن,10,كوكن,,,,medium,"high count, manual classification needed"
رنوش,10,رنوش,,,,medium,"high count, manual classification needed"
بيتوتي,10,بيتوتي,,,,medium,"high count, manual classification needed"
شقفه,10,شقفه,,,,medium,"high count, manual classification needed"
للوجبات السريعة,10,للوجبات السريعة,,,,low,matches non-chain pattern 'وجبات'
وودن كوفي,10,وودن كوفي,,,,medium,"high count, manual classification needed"
شرمب اند رول,10,شرمب اند رول,,,,medium,"high count, manual classification needed"
لاوة,10,لاوة,,,,medium,"high count, manual classification needed"
bangladeshi hotel,10,Bangladeshi Hotel || Bangladeshi hotel || Bangladeshi hotel বাংলাদেশী হোটেল || বাংলাদেশি হোটেল Bangladeshi Hotel,,,,medium,"high count, manual classification needed"
كولد ستون,10,كولد ستون,,,,medium,"high count, manual classification needed"
وهاد,10,وهاد,,,,medium,"high count, manual classification needed"
cantonksa,10,Cantonksa,,,,medium,"high count, manual classification needed"
سبايس,10,سبايس,,,,medium,"high count, manual classification needed"
كالي بيتزا باستا,10,كالي بيتزا باستا,,,,medium,"high count, manual classification needed"
فاير جريل,10,فاير جريل,,,,medium,"high count, manual classification needed"
سكشن بي,10,سكشن بي,,,,medium,"high count, manual classification needed"
مذاق الكيك,10,مذاق الكيك,,,,medium,"high count, manual classification needed"
كعك وجبن,10,كعك وجبن,,,,medium,"high count, manual classification needed"
بخاري مقمر,10,بخاري مقمر,,,,medium,"high count, manual classification needed"
ديار بيكري,10,ديار بيكري,,,,medium,"high count, manual classification needed"
بخااري الحارة,10,بخااري الحارة,,,,medium,"high count, manual classification needed"
بانياني,10,بانياني,,,,medium,"high count, manual classification needed"
شاورما جليلة,10,شاورما جليلة,,,,medium,"high count, manual classification needed"
سباروزو,10,سباروزو,,,,medium,"high count, manual classification needed"
باب شرقي,10,باب شرقي,,,,medium,"high count, manual classification needed"
ايتوال,10,ايتوال,,,,medium,"high count, manual classification needed"
ميدان الشام,10,ميدان الشام,al_sham,Al Sham,الشام,high,
غرتاف,10,غرتاف,,,,medium,"high count, manual classification needed"
زعتر و زيت,10,زعتر و زيت,,,,medium,"high count, manual classification needed"
دبليو بي جي,9,دبليو بي جي,,,,medium,"high count, manual classification needed"
نودلز فاكتوري,9,نودلز فاكتوري,,,,medium,"high count, manual classification needed"
dr cafe,9,Dr Cafe || Dr. Cafe || Dr.CAFE || dr.CAFE || dr.Cafe,dr_cafe,Dr. CAFE,دكتور كيف,high,
حلويات بلح وعسل,9,حلويات بلح وعسل,,,,low,matches non-chain pattern 'حلويات'
اربيز,9,أربيز,,,,medium,"high count, manual classification needed"
ازال,9,أزال,,,,medium,"high count, manual classification needed"
شفل,9,شفل,,,,medium,"high count, manual classification needed"
جيلا,9,جيلا,,,,medium,"high count, manual classification needed"
جو اند ذا جوس,9,جو اند ذا جوس,,,,medium,"high count, manual classification needed"
مدور,9,مدور,,,,medium,"high count, manual classification needed"
ماما نورة,9,ماما نورة,mama_noura,Mama Noura,ماما نورة,high,
تيست مي,9,تيست مي,,,,medium,"high count, manual classification needed"
توب 100,9,توب 100,,,,medium,"high count, manual classification needed"
تاج القهوة,9,تاج القهوة,,,,medium,"high count, manual classification needed"
ووك,9,ووك,,,,medium,"high count, manual classification needed"
اوليفيا,9,أوليفيا,,,,medium,"high count, manual classification needed"
لقيمات وسمبوسة,9,لقيمات وسمبوسة,,,,medium,"high count, manual classification needed"
بوكيند,9,بوكيند,,,,medium,"high count, manual classification needed"
كيتامي سوشي ونودلز,9,كيتامي سوشي ونودلز,,,,medium,"high count, manual classification needed"
شرقية,9,شرقية,,,,medium,"high count, manual classification needed"
بلانت,9,بلانت,,,,medium,"high count, manual classification needed"
ايرث بولز,9,ايرث بولز,,,,medium,"high count, manual classification needed"
اوك بيري,9,أوك بيري,,,,medium,"high count, manual classification needed"
كوخ الكشري,9,كوخ الكشري,,,,medium,"high count, manual classification needed"
سليقكو,9,سليقكو,,,,medium,"high count, manual classification needed"
pastalita,9,Pastalita,,,,medium,"high count, manual classification needed"
كبده ولحمه,9,كبده ولحمه,,,,medium,"high count, manual classification needed"
maestro pizza مايسترو بيتزا,9,MAESTRO PIZZA | مايسترو بيتزا || Maestro Pizza (مايسترو بيتزا) || Maestro Pizza | مايسترو بيتزا || Maestro Pizza مايسترو بيتزا,maestro_pizza,Maestro Pizza,مايسترو بيتزا,high,
سكرية,9,سكرية,,,,medium,"high count, manual classification needed"
باستا غايز,9,باستا غايز,,,,medium,"high count, manual classification needed"
جي كو دونات وقهوه,9,جي كو دونات وقهوه,,,,medium,"high count, manual classification needed"
كبدون,9,كبدون,,,,medium,"high count, manual classification needed"
بات و جينور,9,بات و جينور,,,,medium,"high count, manual classification needed"
كبة زون,9,كبة زون,,,,medium,"high count, manual classification needed"
سبا,9,سبأ,,,,medium,"high count, manual classification needed"
بياتو,9,بياتو,,,,medium,"high count, manual classification needed"
حلويات حلانا غير,9,حلويات حلانا غير,,,,low,matches non-chain pattern 'حلويات'
grilled burger برجر مشوي,9,Grilled Burger | برجر مشوي || Grilled Burger برجر مشوى || Grilled Burger برجر مشوي || Grilled burger برجر مشوي,,,,medium,"high count, manual classification needed"
لادورف,9,لادورف,,,,medium,"high count, manual classification needed"
فوال النخيل,8,فوال النخيل,,,,medium,"high count, manual classification needed"
منتو اكلات حجازيه,8,منتو اكلات حجازيه,,,,low,matches non-chain pattern 'اكلات'
دان كافيه dan cafe,8,دان كافيه DAN CAFE,,,,low,matches non-chain pattern 'كافيه'
البيتزا الساخنة,8,البيتزا الساخنة,,,,medium,"high count, manual classification needed"
حلويات جرير القباني,8,حلويات جرير  القباني || حلويات جرير ( القباني ) || حلويات جرير القباني,,,,low,matches non-chain pattern 'حلويات'
حلويات روز,8,حلويات روز,,,,low,matches non-chain pattern 'حلويات'
منتو ركن النيازي,8,منتو ركن النيازي,,,,medium,"high count, manual classification needed"
مضغوط بيتنا,8,مضغوط بيتنا,,,,medium,"high count, manual classification needed"
حزة جباتي,8,حزة جباتي,,,,medium,"high count, manual classification needed"
مطعم البخاري,8,مطعم البخاري,,,,low,matches non-chain pattern 'مطعم'
فلادولشي,8,فلادولشي,,,,medium,"high count, manual classification needed"
elixir bunn coffee roasters,8,Elixir Bunn Coffee Roasters,,,,medium,"high count, manual classification needed"
مسامي سوشي,8,مسامي سوشي,,,,medium,"high count, manual classification needed"
القنديل الذهبي,8,القنديل الذهبي,,,,medium,"high count, manual classification needed"
فايف جايز,8,فايف جايز,,,,medium,"high count, manual classification needed"
جديل,8,جديل,,,,medium,"high count, manual classification needed"
القهوة المقطرة,8,القهوة المقطرة,,,,medium,"high count, manual classification needed"
عمو حمزة,8,عمو حمزة,,,,medium,"high count, manual classification needed"
توتي كافيه,8,توتي كافيه,,,,low,matches non-chain pattern 'كافيه'
تشن تشن,8,تشن تشن,,,,medium,"high count, manual classification needed"
نيرباي,8,نيرباي,,,,medium,"high count, manual classification needed"
شيك شاك,8,شيك شاك,,,,medium,"high count, manual classification needed"
starbucks drive thru,8,Starbucks (Drive Thru) || Starbucks Drive Thru || Starbucks Drive-thru || Starbucks | Drive Thru,starbucks,Starbucks,ستاربكس,high,
sultan coffee سلطان القهوة,8,Sultan Coffee | سلطان القهوة,,,,medium,"high count, manual classification needed"
المذاق العربي,8,المذاق العربي,,,,medium,"high count, manual classification needed"
bangladesh restaurant,8,Bangladesh Restaurant || Bangladesh Restaurant বাংলাদেশ হোটেল || Bangladesh restaurant || Bangladesh বাংলাদেশ হোটেল (Restaurant),,,,low,matches non-chain pattern 'restaurant'
رايس اند رول,8,رايس اند رول,,,,medium,"high count, manual classification needed"
baytoti بيتوتي,8,Baytoti | بيتوتي,,,,medium,"high count, manual classification needed"
al baik,8,Al Baik,albaik,Albaik,البيك,high,
بيتزا ان,8,بيتزا ان,,,,medium,"high count, manual classification needed"
لقيمات بقشتي,8,لقيمات بقشتي,,,,medium,"high count, manual classification needed"
ماكي هاوس,8,ماكي هاوس,,,,medium,"high count, manual classification needed"
cinnabon seattle s best,8,Cinnabon / Seattle's Best,cinnabon,Cinnabon,سينابون,high,
بيت الكتاكيت,8,بيت الكتاكيت,,,,medium,"high count, manual classification needed"
بيت الكيك,8,بيت الكيك,,,,medium,"high count, manual classification needed"
khafif,8,Khafif || khafif,,,,medium,"high count, manual classification needed"
لبكه,8,لبكه,,,,medium,"high count, manual classification needed"
كيوك,8,كيوك,,,,medium,"high count, manual classification needed"
بوكودور,8,بوكودور,kudu,Kudu,كودو,high,
bangladesh hotel,8,Bangladesh Hotel || Bangladesh hotel,,,,medium,"high count, manual classification needed"
كيك من مامولا,8,كيك من مامولا,,,,medium,"high count, manual classification needed"
tutti cafe,8,Tutti Cafe,,,,medium,"high count, manual classification needed"
شيرو,8,شيرو,,,,medium,"high count, manual classification needed"
بلبن,8,بلبن,,,,medium,"high count, manual classification needed"
زماني سويت,8,زماني سويت,,,,medium,"high count, manual classification needed"
كورنر,8,كورنر,,,,medium,"high count, manual classification needed"
pakistani hotel,8,Pakistani Hotel || Pakistani hotel || pakistani hotel,,,,medium,"high count, manual classification needed"
سيتي ووك,8,سيتي ووك,,,,medium,"high count, manual classification needed"
مطعم باكستاني,8,مطعم باكستانى || مطعم باكستاني,,,,low,matches non-chain pattern 'مطعم'
بروستد الريف,8,بروستد الريف,,,,medium,"high count, manual classification needed"
najd village,8,Najd Village,najd_village,Najd Village,قرية نجد,high,
كناف,8,كناف,,,,medium,"high count, manual classification needed"
mama noura,8,Mama Noura,mama_noura,Mama Noura,ماما نورة,high,
باستا بروز,8,باستا بروز,,,,medium,"high count, manual classification needed"
كروكانت,8,كروكانت,,,,medium,"high count, manual classification needed"
بديع,8,بديع,,,,medium,"high count, manual classification needed"
كافيه,8,كافيه || ﺭﻭﺍﻕ كافيه,,,,low,matches non-chain pattern 'كافيه'
ايجي,8,ايجي,,,,medium,"high count, manual classification needed"
كاريبو كافيه,8,كاريبو كافيه,caribou_coffee,Caribou Coffee,كاريبو كوفي,high,
kudo,8,KUDO || Kudo,,,,medium,"high count, manual classification needed"
بابا خباز,8,بابا خباز,,,,medium,"high count, manual classification needed"
ريزينج كينز,8,ريزينج كينز,,,,medium,"high count, manual classification needed"
اوفردوز,8,اوفردوز,,,,medium,"high count, manual classification needed"
ريد بوكس,8,ريد بوكس,,,,medium,"high count, manual classification needed"
ووك كونج,8,ووك كونج,,,,medium,"high count, manual classification needed"
قيف مي فايف سندوتشات,8,قيف مي فايف سندوتشات,,,,medium,"high count, manual classification needed"
key cafe,8,Key Cafe || Key cafe,,,,medium,"high count, manual classification needed"
واحد فول,8,واحد فول,,,,medium,"high count, manual classification needed"
هلا برجر,8,هلا برجر,,,,medium,"high count, manual classification needed"
grilled burger,8,Grilled Burger || Grilled burger,,,,medium,"high count, manual classification needed"
شاورما جساس,8,شاورما جساس,,,,medium,"high count, manual classification needed"
ليمور,8,ليمور,,,,medium,"high count, manual classification needed"
دوكة بيت المخبوزات,7,دوكة بيت المخبوزات,,,,medium,"high count, manual classification needed"
فوكس سينما,7,فوكس سينما,,,,medium,"high count, manual classification needed"
فول وفلافل,7,فول وفلافل,,,,medium,"high count, manual classification needed"
فوال مطبق,7,فوال مطبق,,,,medium,"high count, manual classification needed"
el n,7,EL&N,,,,medium,"high count, manual classification needed"
فيلورا,7,فيلورا,,,,medium,"high count, manual classification needed"
الساخنة باستا,7,الساخنة باستا,,,,medium,"high count, manual classification needed"
فوال قمم الطائف,7,فوال قمم الطائف,,,,medium,"high count, manual classification needed"
الدبلوماسي,7,الدبلوماسي,,,,medium,"high count, manual classification needed"
فوال سوداني,7,فوال سوداني,,,,medium,"high count, manual classification needed"
منتو و يغمش سنابل الحجاز,7,منتو و يغمش سنابل الحجاز,,,,medium,"high count, manual classification needed"
موفي,7,موفي,,,,medium,"high count, manual classification needed"
arabica cafe,7,Arabica Cafe || Arabica Cafe' || Arabica cafe,,,,medium,"high count, manual classification needed"
قدر كبسة,7,قدر كبسة,,,,medium,"high count, manual classification needed"
ملت,7,ملت,,,,medium,"high count, manual classification needed"
داليز,7,داليز,,,,medium,"high count, manual classification needed"
مكرمل,7,مكرمل,,,,medium,"high count, manual classification needed"
دايز برجر,7,دايز برجر,,,,medium,"high count, manual classification needed"
حلويات لاميزون,7,حلويات لاميزون,,,,low,matches non-chain pattern 'حلويات'
dr cafe coffee v12 station د كيف كافيه,7,dr.CAFE COFFEE | V12 Station | د.كيف كافيه || dr.CAFE COFFEE | V12 Station | د.كيف كافيه‎,dr_cafe,Dr. CAFE,دكتور كيف,high,
applebee s ابل بيز,7,Applebee's | أبل بيز || Applebee's | ابل بيز,applebees,Applebee's,ابلبيز,high,
مطعم سمرقندي,7,مطعم سمرقندي,,,,low,matches non-chain pattern 'مطعم'
اسطا عاصم,7,اسطا عاصم,,,,medium,"high count, manual classification needed"
ارينا,7,ارينا,,,,medium,"high count, manual classification needed"
المذاق الراقي,7,المذاق الراقي,,,,medium,"high count, manual classification needed"
enabah,7,Enabah || enabah,,,,medium,"high count, manual classification needed"
حالي ومالح,7,حالي ومالح,,,,medium,"high count, manual classification needed"
مرخ,7,مرخ,,,,medium,"high count, manual classification needed"
wooden coffee وودن كوفي,7,Wooden Coffee | وودن كوفي || Wooden coffee | وودن كوفي,,,,medium,"high count, manual classification needed"
دولتشي راغوزا,7,دولتشي راغوزا,,,,medium,"high count, manual classification needed"
فيش فيس,7,فيش فيس,,,,medium,"high count, manual classification needed"
محبوب,7,محبوب,,,,medium,"high count, manual classification needed"
مخبز بول,7,مخبز بول,,,,low,matches non-chain pattern 'مخبز'
غلوريا جينز كوفيز gloria jeans coffees,7,غلوريا جينز كوفيز Gloria Jeans Coffees,,,,medium,"high count, manual classification needed"
جزيل,7,جزيل,,,,medium,"high count, manual classification needed"
urth caff,7,Urth Caffè || Urth Caffé || Urth caffé,,,,medium,"high count, manual classification needed"
فرن,7,فرن,,,,medium,"high count, manual classification needed"
veloce,7,VELOCE || Veloce,,,,medium,"high count, manual classification needed"
فلافل اشي زاكي,7,فلافل اشي زاكي,,,,medium,"high count, manual classification needed"
الكنافة الساخنة,7,الكنافة الساخنة,,,,medium,"high count, manual classification needed"
daily cup ديلي كب,7,Daily Cup ديلي كب || Daily cup | ديلي كب || Daily cup ديلي كب,,,,medium,"high count, manual classification needed"
the coffee address,7,The Coffee Address,coffee_address,Coffee Address,عنوان القهوة,high,
ماريز,7,ماريز,,,,medium,"high count, manual classification needed"
عصير الضاحية,7,عصير الضاحية,,,,medium,"high count, manual classification needed"
عصير منجا الزعيم,7,عصير منجا الزعيم,,,,medium,"high count, manual classification needed"
tasali,7,TASALI || TASAli || Tasali,,,,medium,"high count, manual classification needed"
coyard coffee roasters,7,COYARD Coffee Roasters,,,,medium,"high count, manual classification needed"
تصفيفة,7,تصفيفة,,,,medium,"high count, manual classification needed"
طويق,7,طويق,,,,medium,"high count, manual classification needed"
sunset cafe,7,SUNSET CAFE || SUNSET Cafe || Sunset Cafe || Sunset cafe,,,,medium,"high count, manual classification needed"
ليفون,7,ليفون,,,,medium,"high count, manual classification needed"
مطعم بول,7,مطعم بول,,,,low,matches non-chain pattern 'مطعم'
قريّب,7,قريّب,,,,medium,"high count, manual classification needed"
غرانوڤا,7,غرانوڤا,,,,medium,"high count, manual classification needed"
ماربل سلاب كريمري,7,ماربل سلاب كريمري,,,,medium,"high count, manual classification needed"
ديب ان ديب,7,ديب إن ديب || ديب ان ديب,,,,medium,"high count, manual classification needed"
شوكولاتة الوليمة,7,شوكولاتة الوليمة,,,,medium,"high count, manual classification needed"
طباخ متنقل,7,طباخ متنقل,,,,medium,"high count, manual classification needed"
بيك اند كيك,7,بيك اند كيك,,,,medium,"high count, manual classification needed"
بيك اواي للمعجنات,7,بيك أواي للمعجنات || بيك اواي للمعجنات,,,,medium,"high count, manual classification needed"
شوقرهايڤ,7,شوقرهايڤ,,,,medium,"high count, manual classification needed"
coffee day يوم القهوة,7,Coffee Day | يوم القهوة,,,,medium,"high count, manual classification needed"
coffee day,7,Coffee Day || Coffee day,,,,medium,"high count, manual classification needed"
almajed for oud,7,Almajed For Oud,,,,medium,"high count, manual classification needed"
shrimp shack,7,Shrimp Shack || Shrimp shack,,,,medium,"high count, manual classification needed"
بيتزا رام,7,بيتزا رام,,,,medium,"high count, manual classification needed"
شعبيات الزمن الجميل,7,شعبيات الزمن الجميل,,,,medium,"high count, manual classification needed"
شيخ المندي,7,شيخ المندي,,,,medium,"high count, manual classification needed"
بيتزا اكسبريس,7,بيتزا اكسبريس,,,,medium,"high count, manual classification needed"
shiro,7,SHiRO || Shiro,,,,medium,"high count, manual classification needed"
لقيا,7,لقيا,,,,medium,"high count, manual classification needed"
بيت التحميص,7,بيت التحميص,,,,medium,"high count, manual classification needed"
real burger,7,Real Burger,,,,medium,"high count, manual classification needed"
بوتيتو كورنر,7,بوتيتو كورنر,,,,medium,"high count, manual classification needed"
بندت بيكري,7,بندت بيكري,,,,medium,"high count, manual classification needed"
ratio speciality coffee,7,RATIO Speciality Coffee || RATIO speciality coffee || Ratio Speciality Coffee,,,,medium,"high count, manual classification needed"
alhamra albukhari الحمراء البخاري,7,Alhamra Albukhari | الحمراء البخاري,,,,medium,"high count, manual classification needed"
بنز كوكيز,7,بنز كوكيز,,,,medium,"high count, manual classification needed"
كي كافيه,7,كي كافيه,,,,low,matches non-chain pattern 'كافيه'
spice سبايس,7,Spice | سبايس || Spice|سبايس || spice | سبايس,,,,medium,"high count, manual classification needed"
quiznos كويزنوز,7,Quiznos | كويزنوز || Quiznos كويزنوز,,,,medium,"high count, manual classification needed"
كوايت,7,كوايت,,,,medium,"high count, manual classification needed"
كنافة اصيل النابلسية,7,كنافة أصيل النابلسية,,,,medium,"high count, manual classification needed"
كنافة ابو الهوس,7,كنافة أبو الهوس || كنافة ابو الهوس,,,,medium,"high count, manual classification needed"
برياني بوت,7,برياني بوت,,,,medium,"high count, manual classification needed"
شاك برجر,7,شاك برجر,,,,medium,"high count, manual classification needed"
بقلاوة اثرية,7,بقلاوة أثرية,,,,medium,"high count, manual classification needed"
بروكسل,7,بروكسل,,,,medium,"high count, manual classification needed"
كستر,7,كستر,,,,medium,"high count, manual classification needed"
باردون,7,باردون,,,,medium,"high count, manual classification needed"
gong cha قونق تشا,7,Gong Cha - قونق تشا,,,,medium,"high count, manual classification needed"
برجر هنش,7,برجر هنش,,,,medium,"high count, manual classification needed"
caf cafe,7,CAF Cafe || CAF cafe,,,,medium,"high count, manual classification needed"
سموكي وينقز,7,سموكي وينقز,,,,medium,"high count, manual classification needed"
باستا فياستا,7,باستا فياستا,,,,medium,"high count, manual classification needed"
سلة الموائد,7,سلة الموائد,,,,medium,"high count, manual classification needed"
moroccan taste,7,Moroccan Taste,,,,medium,"high count, manual classification needed"
بارتي بوكس,7,بارتي بوكس,,,,medium,"high count, manual classification needed"
little caesars,7,Little Caesars,little_caesars,Little Caesars,ليتل سيزرز,high,
كانديرا,7,كانديرا,,,,medium,"high count, manual classification needed"
سفرة العمدة,7,سفرة العمدة,,,,medium,"high count, manual classification needed"
سكارليت,7,سكارليت,,,,medium,"high count, manual classification needed"
ايسه,7,آيسه,,,,medium,"high count, manual classification needed"
ايرماين,7,ايرماين,,,,medium,"high count, manual classification needed"
كراي,7,كراي,,,,medium,"high count, manual classification needed"
كريول,7,كريول,,,,medium,"high count, manual classification needed"
زماني,7,زماني,,,,medium,"high count, manual classification needed"
caf bateel,7,Café Bateel,bateel,Bateel,بتيل,high,
اولارا,7,اولارا,,,,medium,"high count, manual classification needed"
قونق تشا,7,قونق تشا,,,,medium,"high count, manual classification needed"
يوم العصير,7,يوم العصير,,,,medium,"high count, manual classification needed"
يوم الكراميل,7,يوم الكراميل,,,,medium,"high count, manual classification needed"
jadeel coffee,7,Jadeel Coffee || Jadeel coffee,,,,medium,"high count, manual classification needed"
burger king arabia,7,Burger King Arabia,burger_king,Burger King,برجر كنج,high,
j co donuts and coffee جي كو,7,J.CO Donuts and Coffee جي كو,,,,medium,"high count, manual classification needed"
november coffee,7,November Coffee || November coffee,,,,medium,"high count, manual classification needed"
الو بيروت,7,الو بيروت,,,,medium,"high count, manual classification needed"
هوي,7,هوى,,,,medium,"high count, manual classification needed"
كوكوا ميلتس,7,كوكوا ميلتس,,,,medium,"high count, manual classification needed"
راوز باستا,7,راوز باستا,,,,medium,"high count, manual classification needed"
ديفو,7,ديفو,,,,medium,"high count, manual classification needed"
ديكو,7,ديكو,,,,medium,"high count, manual classification needed"
كلاج,7,كلاج,,,,medium,"high count, manual classification needed"
الكت elct,6,إلكت | ELCT || الكت | ELCT,,,,medium,"high count, manual classification needed"
فيلان تشوكلت,6,فيلان تشوكلت,,,,medium,"high count, manual classification needed"
نكهات ورق عنب,6,نكهات ورق عنب,,,,medium,"high count, manual classification needed"
فيروز جاردن,6,فيروز جاردن,,,,medium,"high count, manual classification needed"
نجم الشاورما,6,نجم الشاورما,,,,medium,"high count, manual classification needed"
الفطيرة الدمشقية,6,الفطيرة الدمشقية,,,,medium,"high count, manual classification needed"
فوال و مطبق,6,فوال و مطبق,,,,medium,"high count, manual classification needed"
نافذة القهوة,6,نافذة القهوة,,,,medium,"high count, manual classification needed"
السعودي,6,السعودي,,,,medium,"high count, manual classification needed"
فوال شموع الطائف,6,فوال شموع الطائف,,,,medium,"high count, manual classification needed"
broasted express,6,Broasted Express,,,,medium,"high count, manual classification needed"
مندي مجيد,6,مندي مجيد,,,,medium,"high count, manual classification needed"
موتشو,6,موتشو,,,,medium,"high count, manual classification needed"
4twins coffee,6,4Twins Coffee || 4twins Coffee,,,,medium,"high count, manual classification needed"
البيت الرومانسي,6,البيت الرومانسي,,,,medium,"high count, manual classification needed"
اقوس,6,اقوس,,,,medium,"high count, manual classification needed"
فوال اطيب النخيل,6,فوال أطيب النخيل || فوال اطيب النخيل,,,,medium,"high count, manual classification needed"
drip coffee,6,Drip Coffee || Drip coffee,,,,medium,"high count, manual classification needed"
خلية القرية,6,خلية القرية,,,,medium,"high count, manual classification needed"
فلود,6,فلود,,,,medium,"high count, manual classification needed"
فلون,6,فلون,,,,medium,"high count, manual classification needed"
مقلوبة حب ودهن,6,مقلوبة حب ودهن,,,,medium,"high count, manual classification needed"
dr cafe د كيف,6,Dr. Cafe   د. كيف || Dr. Cafe | د. كيف || Dr.Cafe | د.كيف || Dr.cafe | د.كيف || dr.CAFE | د.كيف,dr_cafe,Dr. CAFE,دكتور كيف,high,
مقهي مجلس المضياف,6,مقهى مجلس المضياف,,,,medium,"high count, manual classification needed"
فلافل مارينا,6,فلافل مارينا,,,,medium,"high count, manual classification needed"
فلافل مار,6,فلافل مار,,,,medium,"high count, manual classification needed"
مظبيكم,6,مظبيكم,,,,medium,"high count, manual classification needed"
فلافل مثمرة,6,فلافل مثمرة,,,,medium,"high count, manual classification needed"
دانة الارياف,6,دانة الأرياف,,,,medium,"high count, manual classification needed"
فلافل انهار عرفة,6,فلافل أنهار عرفة || فلافل انهار عرفة,,,,medium,"high count, manual classification needed"
فوال ثمرات النخيل,6,فوال ثمرات النخيل,,,,medium,"high count, manual classification needed"
مطعم زاد بلدي,6,مطعم زاد بلدي,,,,low,matches non-chain pattern 'مطعم'
مقلوبة الدار,6,مقلوبة الدار,,,,medium,"high count, manual classification needed"
حجازيات العمدة,6,حجازيات العمدة,,,,medium,"high count, manual classification needed"
مشاوي صح,6,مشاوي صح,,,,medium,"high count, manual classification needed"
جيزر برجر,6,جيزر برجر,,,,medium,"high count, manual classification needed"
فروز,6,فروز,,,,medium,"high count, manual classification needed"
wooden coffee,6,Wooden Coffee || Wooden coffee,,,,medium,"high count, manual classification needed"
حصاد البن,6,حصاد البن,,,,medium,"high count, manual classification needed"
wokkong,6,WokKong || Wokkong,,,,medium,"high count, manual classification needed"
فلافل ابوعرب,6,فلافل أبوعرب,,,,medium,"high count, manual classification needed"
فرنيات,6,فرنيات,,,,medium,"high count, manual classification needed"
جاناش,6,جاناش,,,,medium,"high count, manual classification needed"
حطبة,6,حطبة,,,,medium,"high count, manual classification needed"
جارام مسالا,6,جارام مسالا,,,,medium,"high count, manual classification needed"
tim hortons تيم هورتنز,6,Tim Hortons | تيم هورتنز || Tim Hortons تيم هورتنز,tim_hortons,Tim Hortons,تيم هورتنز,high,
trieste تريستي,6,TRIESTE تريستي || Trieste - تريستي,,,,medium,"high count, manual classification needed"
مذاق الحجاز,6,مذاق الحجاز,,,,medium,"high count, manual classification needed"
تيك بيتزا,6,تيك بيتزا,,,,medium,"high count, manual classification needed"
تي رود,6,تي رود,,,,medium,"high count, manual classification needed"
the cake house بيت الكيك,6,The Cake House | بيت الكيك || The Cake House | بيت الكيك‎ || The Cake House بيت الكيك,,,,medium,"high count, manual classification needed"
texas chicken,6,Texas Chicken,texas_chicken,Texas Chicken,تكساس تشكن,high,
مارفي,6,مارفي,,,,medium,"high count, manual classification needed"
تن,6,تن,,,,medium,"high count, manual classification needed"
ليلو ارتيسان باتيسري,6,ليلو ارتيسان باتيسري,,,,medium,"high count, manual classification needed"
صب واي subway,6,صب واي Subway || صب واي subway || صب واي | Subway,subway,Subway,صب واي,high,
12 cups,6,12 CUPS || 12 Cups,,,,medium,"high count, manual classification needed"
تشك ن بن,6,تشك ن بن,,,,medium,"high count, manual classification needed"
شيف بيتزا,6,شيف بيتزا,,,,medium,"high count, manual classification needed"
فلافل العملاق,6,فلافل العملاق,,,,medium,"high count, manual classification needed"
cookies n cream,6,Cookies N Cream || Cookies N' Cream || Cookies N'Cream || Cookies N’ Cream || Cookies n Cream,,,,medium,"high count, manual classification needed"
al bukhari restaurant,6,Al Bukhari Restaurant || al bukhari restaurant,,,,low,matches non-chain pattern 'restaurant'
ماما بنز كافيه mammabunz cafe,6,ماما بنز كافيه | MammaBunz Cafe‏,,,,low,matches non-chain pattern 'كافيه'
شوكر دوز,6,شوكر دوز,,,,medium,"high count, manual classification needed"
لوف,6,لوف,,,,medium,"high count, manual classification needed"
coffee shop,6,COFFEE SHOP || Coffee shop || coffee shop,,,,medium,"high count, manual classification needed"
almamlaka sweets,6,AlMamlaka Sweets || Almamlaka Sweets || almamlaka sweets,,,,medium,"high count, manual classification needed"
لوتشير,6,لوتشير,,,,medium,"high count, manual classification needed"
بيس,6,بيس,,,,medium,"high count, manual classification needed"
شورمه,6,شورمه,,,,medium,"high count, manual classification needed"
لوزية,6,لوزية,,,,medium,"high count, manual classification needed"
coffee address,6,Coffee Address || Coffee address,coffee_address,Coffee Address,عنوان القهوة,high,
بيتزا بابا جونز,6,بيتزا بابا جونز,papa_johns,Papa John's,بابا جونز,high,
shake shack,6,Shake Shack,shake_shack,Shake Shack,شيك شاك,high,
شركة طرد النحل بالرياض ازالة اعشاش النحل من الجدران والاسقف باحتراف,6,شركة طرد النحل بالرياض | إزالة أعشاش النحل من الجدران والأسقف باحتراف,,,,medium,"high count, manual classification needed"
barns,6,Barns || barns,barns,Barn's,بارنز,high,
لافيرا,6,لافيرا,,,,medium,"high count, manual classification needed"
شاي واو,6,شاي واو,,,,medium,"high count, manual classification needed"
saadeddin pastry حلويات سعدالدين,6,Saadeddin Pastry | حلويات سعدالدين || Saadeddin Pastry حلويات سعدالدين,,,,low,matches non-chain pattern 'حلويات'
charleys philly steaks,6,CHARLEYS philly steaks || Charleys Philly Steaks,,,,medium,"high count, manual classification needed"
بلينتي سلدز,6,بلينتي سلدز,,,,medium,"high count, manual classification needed"
caribou coffee كاريبو كوفي,6,Caribou Coffee | كاريبو كوفي,caribou_coffee,Caribou Coffee,كاريبو كوفي,high,
بلومن كوفي,6,بلومن كوفي,,,,medium,"high count, manual classification needed"
بوفية افضل وجبة,6,بوفية أفضل وجبة || بوفية افضل وجبة,,,,medium,"high count, manual classification needed"
شاورما قراطيس,6,شاورما قراطيس,,,,medium,"high count, manual classification needed"
تراينقل سويت,6,تراينقل سويت,,,,medium,"high count, manual classification needed"
كولد,6,كولد,,,,medium,"high count, manual classification needed"
canton,6,Canton,,,,medium,"high count, manual classification needed"
pizza express,6,PIZZA EXPRESS || Pizza Express || Pizza express || pizza Express || pizza express,,,,medium,"high count, manual classification needed"
كورد قهوة يومية,6,كورد - قهوة يومية || كورد | قهوة يومية,,,,medium,"high count, manual classification needed"
بريك بوينت,6,بريك بوينت,,,,medium,"high count, manual classification needed"
بسبوستي الذهبية,6,بسبوستي الذهبية,,,,medium,"high count, manual classification needed"
popeyes louisiana kitchen,6,Popeyes Louisiana Kitchen || Popeyes Louisiana kitchen,popeyes,Popeyes,بوبايز,high,
برياني بوكس,6,برياني بوكس,,,,medium,"high count, manual classification needed"
شارليز فيلي ستيكس,6,شارليز فيلي ستيكس,,,,medium,"high count, manual classification needed"
كوفي,6,كوفي,,,,medium,"high count, manual classification needed"
بروستد الاخوين,6,بروستد الأخوين || بروستد الاخوين,,,,medium,"high count, manual classification needed"
سيدلينق سلط,6,سيدلينق سلط,,,,medium,"high count, manual classification needed"
برقرايقو,6,برقرايقو,,,,medium,"high count, manual classification needed"
سويت هوم,6,سويت هوم,,,,medium,"high count, manual classification needed"
برجر وهمي,6,برجر وهمي,,,,medium,"high count, manual classification needed"
سولاس,6,سولاس,,,,medium,"high count, manual classification needed"
سويّرز,6,سويّرز,,,,medium,"high count, manual classification needed"
كريف كوكيز,6,كريف كوكيز,,,,medium,"high count, manual classification needed"
b1 grilled burger برجر مشوي,6,B1 Grilled Burger | برجر مشوي || B1 Grilled Burger برجر مشوي,,,,medium,"high count, manual classification needed"
برايم كت,6,برايم كت,,,,medium,"high count, manual classification needed"
gloria jean s coffees,6,Gloria Jean's Coffees,,,,medium,"high count, manual classification needed"
nando s,6,Nando's,nandos,Nando's,ناندوز,high,
كريب ن ديب,6,كريب ن ديب,,,,medium,"high count, manual classification needed"
molten chocolate cafe,6,Molten Chocolate Cafe,,,,medium,"high count, manual classification needed"
molten,6,Molten || molten,,,,medium,"high count, manual classification needed"
شاورما اند مور,6,شاورما أند مور || شاورما اند مور,,,,medium,"high count, manual classification needed"
بروستد النورماني,6,بروستد النورماني,,,,medium,"high count, manual classification needed"
سنابل السلام,6,سنابل السلام,,,,medium,"high count, manual classification needed"
كرسبش,6,كرسبش,,,,medium,"high count, manual classification needed"
سلطات بول,6,سلطات بول,,,,medium,"high count, manual classification needed"
سلايس كو بيتزا,6,سلايس كو بيتزا,,,,medium,"high count, manual classification needed"
كبسة غريب,6,كبسة غريب,,,,medium,"high count, manual classification needed"
بتيل بوتيك,6,بتيل بوتيك,bateel,Bateel,بتيل,high,
بارنز barn s,6,بارنز Barn’s || بارنز barn's || بارنز | Barn's,barns,Barn's,بارنز,high,
بارولي كافيه,6,بارولي كافيه,,,,low,matches non-chain pattern 'كافيه'
let s pizza,6,Let's Pizza || Let's pizza || Let’s Pizza,,,,medium,"high count, manual classification needed"
la casa pasta,6,La Casa Pasta,,,,medium,"high count, manual classification needed"
ايس دريم,6,ايس دريم,,,,medium,"high count, manual classification needed"
كان,6,كان,,,,medium,"high count, manual classification needed"
سليل,6,سليل,,,,medium,"high count, manual classification needed"
سفانه,6,سفانه,,,,medium,"high count, manual classification needed"
كاري كلوب,6,كاري كلوب,,,,medium,"high count, manual classification needed"
kyan كيان,6,KYAN|كيان || kyan| كيان || kyan|كيان,,,,medium,"high count, manual classification needed"
burger king برجر كينج,6,Burger King (برجر كينج) || Burger King | برجر كينج,burger_king,Burger King,برجر كنج,high,
juice time وقت العصير,6,Juice Time وقت العصير,,,,medium,"high count, manual classification needed"
juice time,6,Juice Time,,,,medium,"high count, manual classification needed"
روزاليا برجر,6,روزاليا برجر,,,,medium,"high count, manual classification needed"
سويت لوكيشن,6,سويت لوكيشن,,,,medium,"high count, manual classification needed"
اوبريشن فلافل,6,أوبريشن فلافل || اوبريشن فلافل,,,,medium,"high count, manual classification needed"
ركن الحلويات,6,ركن الحلويات || ركن الحلويات ,,,,low,matches non-chain pattern 'حلويات'
ركن الجوهرة,6,ركن الجوهرة,,,,medium,"high count, manual classification needed"
